plates,checks,method,nodes,backtracks,ms,sat/unsat/capped,data_source
3,12,bt,52.2,39.8,2.1,5/0/0,SYNTHETIC DATA
3,12,fc,25.4,13.0,0.6,5/0/0,SYNTHETIC DATA
3,12,fc_mrv,13.0,0.6,0.6,5/0/0,SYNTHETIC DATA
3,12,ac3_fc_mrv,12.8,0.4,3.1,5/0/0,SYNTHETIC DATA
4,20,bt,8707.0*,8690.2*,704.7,3/0/2,SYNTHETIC DATA
4,20,fc,8337.6*,8321.6*,194.7,3/0/2,SYNTHETIC DATA
4,20,fc_mrv,8011.0*,7995.2*,238.7,3/0/2,SYNTHETIC DATA
4,20,ac3_fc_mrv,8010.6*,7995.6*,318.4,3/0/2,SYNTHETIC DATA
5,22,bt,4027.2*,4007.8*,394.7,4/0/1,SYNTHETIC DATA
5,22,fc,4019.0*,3999.6*,72.8,4/0/1,SYNTHETIC DATA
5,22,fc_mrv,28.8,8.6,2.5,5/0/0,SYNTHETIC DATA
5,22,ac3_fc_mrv,21.8,1.6,13.5,5/0/0,SYNTHETIC DATA
6,26,bt,8095.6*,8072.6*,938.5,3/0/2,SYNTHETIC DATA
6,26,fc,4576.2*,4553.0*,188.0,4/0/1,SYNTHETIC DATA
6,26,fc_mrv,25.8,0.6,2.8,5/0/0,SYNTHETIC DATA
6,26,ac3_fc_mrv,25.4,0.2,21.1,5/0/0,SYNTHETIC DATA
7,28,bt,4045.6*,4018.0*,479.4,4/0/1,SYNTHETIC DATA
7,28,fc,4029.6*,4002.0*,134.2,4/0/1,SYNTHETIC DATA
7,28,fc_mrv,40.8,11.4,6.8,5/0/0,SYNTHETIC DATA
7,28,ac3_fc_mrv,30.2,0.8,36.7,5/0/0,SYNTHETIC DATA
8,39,bt,16010.4*,15983.0*,3471.6,1/0/4,SYNTHETIC DATA
8,39,fc,16008.6*,15980.4*,670.3,1/0/4,SYNTHETIC DATA
8,39,fc_mrv,8041.6*,8008.6*,437.7,3/0/2,SYNTHETIC DATA
8,39,ac3_fc_mrv,8020.8*,7986.2*,279.7,3/0/2,SYNTHETIC DATA
