K,method,nodes,ms,cost/optimal,optimal,capped,data_source
4,BFS,5.6,0.018,1.139,28%,0%,SYNTHETIC DATA
4,DFS,5.0,0.015,1.139,28%,0%,SYNTHETIC DATA
4,IDDFS,21.8,0.042,1.139,28%,0%,SYNTHETIC DATA
4,UCS,9.3,0.027,1.000,100%,0%,SYNTHETIC DATA
4,Greedy(MST),5.0,0.039,1.100,41%,0%,SYNTHETIC DATA
4,A*(MST),5.0,0.036,1.000,100%,0%,SYNTHETIC DATA
4,A*(weak),6.3,0.029,1.000,100%,0%,SYNTHETIC DATA
5,BFS,13.6,0.042,1.222,6%,0%,SYNTHETIC DATA
5,DFS,6.0,0.020,1.222,6%,0%,SYNTHETIC DATA
5,IDDFS,52.6,0.096,1.222,6%,0%,SYNTHETIC DATA
5,UCS,18.4,0.057,1.000,100%,0%,SYNTHETIC DATA
5,Greedy(MST),6.0,0.059,1.169,19%,0%,SYNTHETIC DATA
5,A*(MST),6.3,0.058,1.000,100%,0%,SYNTHETIC DATA
5,A*(weak),12.1,0.065,1.000,100%,0%,SYNTHETIC DATA
6,BFS,30.3,0.099,1.291,2%,0%,SYNTHETIC DATA
6,DFS,7.0,0.027,1.291,2%,0%,SYNTHETIC DATA
6,IDDFS,153.8,0.293,1.291,2%,0%,SYNTHETIC DATA
6,UCS,34.6,0.125,1.000,100%,0%,SYNTHETIC DATA
6,Greedy(MST),7.0,0.094,1.187,17%,0%,SYNTHETIC DATA
6,A*(MST),8.5,0.105,1.000,100%,0%,SYNTHETIC DATA
6,A*(weak),24.0,0.150,1.000,100%,0%,SYNTHETIC DATA
7,BFS,57.7,0.190,1.326,0%,0%,SYNTHETIC DATA
7,DFS,8.0,0.032,1.326,0%,0%,SYNTHETIC DATA
7,IDDFS,487.8,0.922,1.326,0%,0%,SYNTHETIC DATA
7,UCS,61.2,0.240,1.000,100%,0%,SYNTHETIC DATA
7,Greedy(MST),8.0,0.130,1.217,10%,0%,SYNTHETIC DATA
7,A*(MST),12.3,0.186,1.000,100%,0%,SYNTHETIC DATA
7,A*(weak),45.8,0.298,1.000,100%,0%,SYNTHETIC DATA
8,BFS,98.4,0.347,1.377,0%,0%,SYNTHETIC DATA
8,DFS,9.0,0.039,1.377,0%,0%,SYNTHETIC DATA
8,IDDFS,1626.9,3.172,1.377,0%,0%,SYNTHETIC DATA
8,UCS,99.8,0.440,1.000,100%,0%,SYNTHETIC DATA
8,Greedy(MST),9.0,0.186,1.246,4%,0%,SYNTHETIC DATA
8,A*(MST),19.0,0.350,1.000,100%,0%,SYNTHETIC DATA
8,A*(weak),79.9,0.580,1.000,100%,0%,SYNTHETIC DATA
9,BFS,146.8,0.532,1.422,0%,0%,SYNTHETIC DATA
9,DFS,10.0,0.046,1.422,0%,0%,SYNTHETIC DATA
9,IDDFS,4995.5,9.794,1.422,0%,0%,SYNTHETIC DATA
9,UCS,147.2,0.682,1.000,100%,0%,SYNTHETIC DATA
9,Greedy(MST),10.1,0.238,1.284,1%,0%,SYNTHETIC DATA
9,A*(MST),28.1,0.599,1.000,100%,0%,SYNTHETIC DATA
9,A*(weak),124.2,0.932,1.000,100%,0%,SYNTHETIC DATA
